{"cameraMode":{"drawMode":0,"name":"Shaded","section":"Shading Mode"},"sceneLighting":false,"audioPlay":false,"sceneViewState":{"m_AlwaysRefresh":false,"showFog":true,"showSkybox":false,"showFlares":true,"showImageEffects":true,"showParticleSystems":true,"showVisualEffectGraphs":true,"m_FxEnabled":true},"in2DMode":false,"pivot":{"x":-0.010685342364013195,"y":0.030955882743000985,"z":-0.33483389019966128},"rotation":{"x":0.011232085525989533,"y":-0.9817992448806763,"z":0.17957307398319245,"w":0.0616954043507576},"size":0.9932419061660767,"orthographic":false}