{"cameraMode":{"drawMode":0,"name":"Shaded","section":"Shading Mode"},"sceneLighting":false,"audioPlay":false,"sceneViewState":{"m_AlwaysRefresh":false,"showFog":true,"showSkybox":false,"showFlares":true,"showImageEffects":true,"showParticleSystems":true,"showVisualEffectGraphs":true,"m_FxEnabled":true},"in2DMode":false,"pivot":{"x":-0.13720005750656129,"y":0.38745248317718508,"z":-0.1857580691576004},"rotation":{"x":-0.008697876706719399,"y":-0.9912352561950684,"z":0.10235434025526047,"w":-0.08370686322450638},"size":0.5910114049911499,"orthographic":false}